fecha,valor
2023-03-22 13:00:22,4800
2023-03-22 13:00:25,4801.5
2023-03-22 13:00:29,4801
2023-03-22 13:01:23,4800.25
2023-03-22 13:03:28,4796.75
2023-03-22 13:03:41,4796.8077
2023-03-22 13:03:46,4796.8714
2023-03-22 13:03:47,4796.9267
2023-03-22 13:05:35,4796.9938
2023-03-22 13:05:36,4797.1444
2023-03-22 13:08:26,4797.2684
2023-03-22 13:08:58,4797.014
2023-03-22 13:09:21,4796.9241
2023-03-22 13:09:24,4796.6969
2023-03-22 13:09:25,4796.6326
2023-03-22 13:09:26,4796.573
2023-03-22 13:09:44,4796.6585
2023-03-22 13:09:45,4796.8783
2023-03-22 13:09:46,4797.0096
2023-03-22 13:09:56,4797.5537
2023-03-22 13:10:38,4798.3333
2023-03-22 13:10:40,4798.4434
2023-03-22 13:10:45,4798.5484
2023-03-22 13:10:46,4798.6486
2023-03-22 13:13:00,4798.5683
2023-03-22 13:13:12,4798.4914
2023-03-22 13:15:26,4798.5232
2023-03-22 13:15:32,4798.3175
2023-03-22 13:15:48,4798.1908
2023-03-22 13:15:52,4798.0936
2023-03-22 13:15:54,4796.2016
2023-03-22 13:15:59,4796.0921
2023-03-22 13:16:01,4795.8307
2023-03-22 13:16:02,4795.5386
2023-03-22 13:16:03,4795.2674
2023-03-22 13:16:10,4795.103
2023-03-22 13:16:13,4795.0266
2023-03-22 13:16:14,4794.9525
2023-03-22 13:16:17,4794.797
2023-03-22 13:16:18,4794.6373
2023-03-22 13:16:19,4794.5547
2023-03-22 13:16:53,4794.4158
2023-03-22 13:17:37,4794.3077
2023-03-22 13:20:25,4794.1217
2023-03-22 13:21:25,4789.598
2023-03-22 13:21:26,4789.5629
2023-03-22 13:21:32,4789.4875
2023-03-22 13:21:33,4789.4131
2023-03-22 13:21:34,4789.3369
2023-03-22 13:22:27,4789.1907
2023-03-22 13:22:31,4789.1105
2023-03-22 13:22:32,4788.778
2023-03-22 13:22:42,4788.725
2023-03-22 13:22:49,4788.6725
2023-03-22 13:22:50,4788.5695
2023-03-22 13:22:51,4788.5189
2023-03-22 13:22:52,4788.469
2023-03-22 13:22:53,4788.4195
2023-03-22 13:22:54,4788.3224
2023-03-22 13:23:11,4788.2581
2023-03-22 13:23:18,4788.1316
2023-03-22 13:23:19,4787.9471
2023-03-22 13:23:20,4787.8275
2023-03-22 13:23:22,4787.5901
2023-03-22 13:23:23,4787.5285
2023-03-22 13:23:24,4787.1507
2023-03-22 13:23:25,4787.0678
2023-03-22 13:23:26,4786.9026
2023-03-22 13:23:27,4786.7388
2023-03-22 13:23:37,4786.4891
2023-03-22 13:23:56,4786.4317
2023-03-22 13:23:57,4786.3601
2023-03-22 13:24:05,4786.2484
2023-03-22 13:24:07,4786.1933
2023-03-22 13:24:22,4786.1389
2023-03-22 13:24:42,4786.0946
2023-03-22 13:24:45,4786.0508
2023-03-22 13:24:46,4786.0073
2023-03-22 13:25:04,4785.9643
2023-03-22 13:25:19,4785.9455
2023-03-22 13:26:07,4785.9032
2023-03-22 13:26:49,4785.6576
2023-03-22 13:27:17,4785.6328
2023-03-22 13:27:37,4785.5839
2023-03-22 13:28:59,4785.5359
2023-03-22 13:29:13,4785.4891
2023-03-22 13:29:15,4785.4658
2023-03-22 13:30:01,4785.2553
2023-03-22 13:30:05,4785.2213
2023-03-22 13:30:32,4785.154
2023-03-22 13:31:10,4784.9367
2023-03-22 13:31:31,4784.8817
2023-03-22 13:31:32,4784.8276
2023-03-22 13:31:53,4784.7519
2023-03-22 13:31:59,4784.6996
2023-03-22 13:32:00,4784.6482
2023-03-22 13:32:01,4784.5529
2023-03-22 13:32:10,4784.532
2023-03-22 13:32:13,4784.4953
2023-03-22 13:32:22,4784.4778
2023-03-22 13:32:48,4784.4404
2023-03-22 13:32:50,4784.4375
2023-03-22 13:33:17,4784.4286
2023-03-22 13:33:19,4784.4125
2023-03-22 13:33:51,4784.3964
2023-03-22 13:34:18,4784.2506
2023-03-22 13:35:00,4784.1644
2023-03-22 13:35:05,4784.1357
2023-03-22 13:36:09,4784.0792
2023-03-22 13:36:25,4784.0515
2023-03-22 13:36:27,4784.0215
2023-03-22 13:36:29,4783.992
2023-03-22 13:37:00,4783.9028
2023-03-22 13:37:14,4783.8144
2023-03-22 13:37:15,4783.7851
2023-03-22 13:37:19,4783.6727
2023-03-22 13:37:29,4783.657
2023-03-22 13:37:30,4783.5964
2023-03-22 13:37:31,4783.5756
2023-03-22 13:37:32,4783.534
2023-03-22 13:37:33,4783.5194
2023-03-22 13:39:22,4783.5036
2023-03-22 13:39:24,4783.502
2023-03-22 13:39:29,4783.4912
2023-03-22 13:39:49,4783.5136
2023-03-22 13:39:50,4783.5249
2023-03-22 13:39:51,4783.5393
2023-03-22 13:39:52,4783.5539
2023-03-22 13:39:53,4783.5612
2023-03-22 13:39:58,4783.5658
2023-03-22 13:41:21,4783.5709
2023-03-22 13:41:22,4783.5965
2023-03-22 13:41:23,4783.6091
2023-03-22 13:41:24,4783.6343
2023-03-22 13:41:45,4783.644
2023-03-22 13:41:47,4783.6562
2023-03-22 13:42:11,4783.6808
2023-03-22 13:42:58,4783.6883
2023-03-22 13:43:03,4783.6895
2023-03-22 13:44:01,4783.696
2023-03-22 13:44:02,4783.7025
2023-03-22 13:44:03,4783.7089
2023-03-22 13:44:04,4783.7153
2023-03-22 13:44:08,4783.7245
2023-03-22 13:44:38,4783.7266
2023-03-22 13:45:37,4783.7298
2023-03-22 13:45:38,4783.7297
2023-03-22 13:45:40,4783.7292
2023-03-22 13:45:41,4783.728
2023-03-22 13:45:42,4783.7267
2023-03-22 13:45:43,4783.7209
2023-03-22 13:47:12,4783.719
2023-03-22 13:47:13,4783.6237
2023-03-22 13:47:15,4783.6139
2023-03-22 13:47:16,4783.6041
2023-03-22 13:47:40,4783.5705
2023-03-22 13:49:08,4783.5014
2023-03-22 13:49:09,4783.4624
2023-03-22 13:49:11,4783.4431
2023-03-22 13:49:12,4783.424
2023-03-22 13:49:13,4783.4049
2023-03-22 13:49:14,4783.3853
2023-03-22 13:49:15,4783.3454
2023-03-22 13:49:16,4783.3251
2023-03-22 13:49:19,4783.0845
2023-03-22 13:49:20,4783.0672
2023-03-22 13:49:21,4783.0478
2023-03-22 13:49:22,4783.0137
2023-03-22 13:49:24,4782.9798
2023-03-22 13:49:35,4782.9463
2023-03-22 13:49:56,4782.9276
2023-03-22 13:49:57,4782.8535
2023-03-22 13:49:58,4782.8352
2023-03-22 13:49:59,4782.7989
2023-03-22 13:50:01,4782.7829
2023-03-22 13:50:02,4782.7649
2023-03-22 13:50:03,4782.7471
2023-03-22 13:50:04,4782.7293
2023-03-22 13:50:05,4782.6939
2023-03-22 13:50:17,4782.4684
2023-03-22 13:50:20,4782.4304
2023-03-22 13:50:24,4782.3313
2023-03-22 13:50:25,4782.2536
2023-03-22 13:50:26,4782.2344
2023-03-22 13:50:27,4782.2124
2023-03-22 13:50:42,4781.7815
2023-03-22 13:50:43,4781.7326
2023-03-22 13:50:45,4781.669
2023-03-22 13:50:46,4781.6229
2023-03-22 13:50:47,4781.5275
2023-03-22 13:50:48,4781.4801
2023-03-22 13:50:56,4781.4547
2023-03-22 13:51:16,4781.3853
2023-03-22 13:51:22,4781.3394
2023-03-22 13:52:51,4781.2939
2023-03-22 13:52:52,4781.2709
2023-03-22 13:52:53,4780.9632
2023-03-22 13:52:56,4780.936
2023-03-22 13:52:57,4780.7959
2023-03-22 13:53:42,4780.7394
2023-03-22 13:55:36,4780.7121
2023-03-22 13:55:49,4780.6849
2023-03-22 13:55:50,4780.5737
2023-03-22 13:55:56,4780.5452
2023-03-22 13:56:54,4780.5173
2023-03-22 13:58:23,4780.4626
2023-03-22 13:58:31,4780.4372
2023-03-22 13:59:15,4780.4139
2023-03-22 13:59:19,4780.3443
2023-03-22 13:59:26,4779.8959
2023-03-22 13:59:27,4779.8762
2023-03-22 13:59:29,4779.8405
2023-03-22 13:59:30,4779.8243
2023-03-22 13:59:34,4779.8079
2023-03-22 13:59:35,4779.7918
2023-03-22 13:59:38,4779.7572
2023-03-22 14:00:37,4779.7228
2023-03-22 14:00:39,4779.6211
2023-03-22 14:00:58,4779.6044
2023-03-22 14:01:20,4779.4119
2023-03-22 14:01:25,4779.3973
2023-03-22 14:01:40,4779.37
2023-03-22 14:02:25,4779.3565
2023-03-22 14:02:35,4779.3244
2023-03-22 14:02:44,4779.1782
2023-03-22 14:02:45,4779.1478
2023-03-22 14:03:14,4779.1078
2023-03-22 14:05:10,4779.0751
2023-03-22 14:05:12,4779.0585
2023-03-22 14:07:43,4778.9938
2023-03-22 14:07:45,4778.9774
2023-03-22 14:07:53,4778.8544
2023-03-22 14:08:56,4778.7772
2023-03-22 14:08:58,4778.7578
2023-03-22 14:08:59,4778.7385
2023-03-22 14:09:02,4778.5826
2023-03-22 14:09:04,4778.5628
2023-03-22 14:09:30,4778.5448
2023-03-22 14:10:22,4778.5093
2023-03-22 14:10:35,4778.4915
2023-03-22 14:11:37,4778.476
2023-03-22 14:11:46,4778.4606
2023-03-22 14:12:23,4778.4301
2023-03-22 14:12:32,4778.3997
2023-03-22 14:12:33,4778.3246
2023-03-22 14:12:34,4778.2801
2023-03-22 14:12:43,4778.2506
2023-03-22 14:12:44,4778.2351
2023-03-22 14:12:47,4778.2198
2023-03-22 14:12:50,4778.2045
2023-03-22 14:12:53,4778.1892
2023-03-22 14:12:59,4778.1739
2023-03-22 14:13:08,4778.1573
2023-03-22 14:13:09,4778.1241
2023-03-22 14:13:23,4778.1086
2023-03-22 14:14:47,4777.8552
2023-03-22 14:14:49,4777.8365
2023-03-22 14:14:50,4777.7072
2023-03-22 14:14:52,4777.6875
2023-03-22 14:14:53,4777.6679
2023-03-22 14:14:54,4777.6468
2023-03-22 14:15:30,4777.6287
2023-03-22 14:15:42,4777.6085
2023-03-22 14:15:52,4777.5884
2023-03-22 14:16:13,4777.5281
2023-03-22 14:16:14,4777.5075
2023-03-22 14:16:26,4777.4867
2023-03-22 14:16:27,4777.4225
2023-03-22 14:16:28,4777.336
2023-03-22 14:16:44,4777.2732
2023-03-22 14:16:48,4777.1994
2023-03-22 14:17:54,4777.1811
2023-03-22 14:18:44,4777.1635
2023-03-22 14:18:46,4777.1453
2023-03-22 14:20:01,4777.1138
2023-03-22 14:20:02,4777.0991
2023-03-22 14:20:06,4777.0197
2023-03-22 14:20:09,4777.0019
2023-03-22 14:20:12,4776.9709
2023-03-22 14:20:22,4776.9117
2023-03-22 14:20:39,4776.8771
2023-03-22 14:20:40,4776.8597
2023-03-22 14:20:41,4776.8252
2023-03-22 14:20:42,4776.7908
2023-03-22 14:20:43,4776.7566
2023-03-22 14:20:44,4776.7226
2023-03-22 14:20:45,4776.6887
2023-03-22 14:20:46,4776.6719
2023-03-22 14:20:47,4776.5883
2023-03-22 14:20:48,4776.5708
2023-03-22 14:20:49,4776.5533
2023-03-22 14:20:50,4776.5358
2023-03-22 14:20:51,4776.465
2023-03-22 14:20:52,4776.223
2023-03-22 14:20:53,4776.2061
2023-03-22 14:21:01,4776.1567
2023-03-22 14:22:27,4776.1449
2023-03-22 14:22:54,4776.0964
2023-03-22 14:22:56,4776.0484
2023-03-22 14:23:05,4775.9863
2023-03-22 14:23:06,4775.9718
2023-03-22 14:23:07,4775.9141
2023-03-22 14:24:57,4775.9029
2023-03-22 14:24:58,4775.8808
2023-03-22 14:24:59,4775.849
2023-03-22 14:25:00,4775.8393
2023-03-22 14:25:05,4775.8296
2023-03-22 14:26:01,4775.8104
2023-03-22 14:28:04,4775.7989
2023-03-22 14:28:05,4775.7869
2023-03-22 14:28:36,4775.7741
2023-03-22 14:28:37,4775.7609
2023-03-22 14:28:38,4775.7478
2023-03-22 14:28:39,4775.7191
2023-03-22 14:28:45,4775.7047
2023-03-22 14:29:43,4775.6727
2023-03-22 14:29:44,4775.6573
2023-03-22 14:29:48,4775.6125
2023-03-22 14:29:56,4775.5974
2023-03-22 14:31:05,4775.5822
2023-03-22 14:31:40,4775.4431
2023-03-22 14:31:43,4775.4307
2023-03-22 14:31:47,4775.4183
2023-03-22 14:31:59,4775.4059
2023-03-22 14:32:00,4775.392
2023-03-22 14:32:01,4775.3339
2023-03-22 14:32:02,4775.3193
2023-03-22 14:32:03,4775.3048
2023-03-22 14:32:30,4775.2894
2023-03-22 14:33:22,4775.276
2023-03-22 14:33:37,4775.2295
2023-03-22 14:33:38,4775.1984
2023-03-22 14:33:41,4775.1864
2023-03-22 14:33:44,4775.1757
2023-03-22 14:33:49,4775.1302
2023-03-22 14:33:51,4775.0851
2023-03-22 14:33:53,4774.9962
2023-03-22 14:34:01,4774.9417
2023-03-22 14:34:07,4774.9287
2023-03-22 14:35:04,4774.9185
2023-03-22 14:35:06,4774.8698
2023-03-22 14:35:18,4774.8587
2023-03-22 14:36:15,4774.8481
2023-03-22 14:36:29,4774.8198
2023-03-22 14:36:30,4774.8105
2023-03-22 14:36:32,4774.793
2023-03-22 14:36:33,4774.7776
2023-03-22 14:37:01,4774.7617
2023-03-22 14:37:14,4774.7445
2023-03-22 14:37:25,4774.7285
2023-03-22 14:37:26,4774.7207
2023-03-22 14:37:31,4774.7132
2023-03-22 14:38:24,4774.7027
2023-03-22 14:38:25,4774.6922
2023-03-22 14:38:27,4774.6817
2023-03-22 14:38:28,4774.6716
2023-03-22 14:38:29,4774.6403
2023-03-22 14:38:30,4774.588
2023-03-22 14:38:35,4774.5776
2023-03-22 14:38:55,4774.5672
2023-03-22 14:38:57,4774.5568
2023-03-22 14:39:00,4774.5143
2023-03-22 14:39:09,4774.5033
2023-03-22 14:39:10,4774.4813
2023-03-22 14:39:22,4774.4708
2023-03-22 14:39:23,4774.4606
2023-03-22 14:39:37,4774.4497
2023-03-22 14:39:45,4774.428
2023-03-22 14:39:46,4774.3839
2023-03-22 14:40:15,4774.3723
2023-03-22 14:40:21,4774.3612
2023-03-22 14:40:58,4774.3502
2023-03-22 14:41:23,4774.3063
2023-03-22 14:41:25,4774.2949
2023-03-22 14:42:23,4774.1509
2023-03-22 14:42:25,4774.145
2023-03-22 14:42:46,4774.0466
2023-03-22 14:43:03,4774.0409
2023-03-22 14:43:04,4774.025
2023-03-22 14:43:34,4774.0179
2023-03-22 14:45:18,4774.0088
2023-03-22 14:45:24,4773.9996
2023-03-22 14:45:25,4773.9905
2023-03-22 14:45:26,4773.9806
2023-03-22 14:45:28,4773.9707
2023-03-22 14:45:30,4773.9606
2023-03-22 14:45:49,4773.9511
2023-03-22 14:46:39,4773.9416
2023-03-22 14:46:42,4773.9321
2023-03-22 14:46:46,4773.9231
2023-03-22 14:46:47,4773.9155
2023-03-22 14:46:51,4773.9011
2023-03-22 14:46:53,4773.8942
2023-03-22 14:47:08,4773.8883
2023-03-22 14:47:19,4773.8814
2023-03-22 14:47:48,4773.8752
2023-03-22 14:48:00,4773.8697
2023-03-22 14:49:27,4773.8644
2023-03-22 14:49:34,4773.8593
2023-03-22 14:49:35,4773.8544
2023-03-22 14:50:14,4773.7677
2023-03-22 14:50:21,4773.7605
2023-03-22 14:50:22,4773.7463
2023-03-22 14:50:23,4773.7392
2023-03-22 14:50:56,4773.7112
2023-03-22 14:51:01,4773.6833
2023-03-22 14:51:02,4773.6557
2023-03-22 14:51:07,4773.6283
2023-03-22 14:51:12,4773.6011
2023-03-22 14:52:04,4773.5928
2023-03-22 14:52:07,4773.5846
2023-03-22 14:54:24,4773.5769
2023-03-22 14:54:27,4773.5691
2023-03-22 14:54:32,4773.5619
2023-03-22 14:54:33,4773.5564
2023-03-22 14:55:20,4773.4401
2023-03-22 14:55:24,4773.435
2023-03-22 14:55:27,4773.4336
2023-03-22 14:55:41,4773.4231
2023-03-22 14:55:46,4773.4205
2023-03-22 14:55:47,4773.4101
2023-03-22 14:55:48,4773.4076
2023-03-22 14:56:20,4773.4023
2023-03-22 14:56:21,4773.3997
2023-03-22 14:56:27,4773.396
2023-03-22 14:56:28,4773.391
2023-03-22 14:56:29,4773.3775
2023-03-22 14:56:30,4773.3814
2023-03-22 14:56:32,4773.3813
2023-03-22 14:56:35,4773.3825
2023-03-22 14:57:18,4773.3819
2023-03-22 14:57:19,4773.379
2023-03-22 14:58:13,4773.3784
2023-03-22 14:59:24,4773.3794
2023-03-22 15:00:13,4773.3803
2023-03-22 15:00:17,4773.4179
2023-03-22 15:00:18,4773.4314
2023-03-22 15:00:19,4773.4338
2023-03-22 15:00:21,4773.434
2023-03-22 15:00:22,4773.4416
2023-03-22 15:00:55,4773.4475
2023-03-22 15:00:56,4773.4544
2023-03-22 15:01:06,4773.4801
2023-03-22 15:01:07,4773.4841
2023-03-22 15:01:10,4773.4878
2023-03-22 15:01:11,4773.4915
2023-03-22 15:01:13,4773.4952
2023-03-22 15:01:21,4773.5026
2023-03-22 15:01:28,4773.5046
2023-03-22 15:02:29,4773.5188
2023-03-22 15:02:31,4773.5203
2023-03-22 15:03:58,4773.5215
2023-03-22 15:04:20,4773.5262
2023-03-22 15:04:41,4773.5281
2023-03-22 15:05:46,4773.5317
2023-03-22 15:06:21,4773.5337
2023-03-22 15:06:23,4773.5357
2023-03-22 15:06:33,4773.5428
2023-03-22 15:06:35,4773.5464
2023-03-22 15:06:39,4773.5499
2023-03-22 15:07:03,4773.5876
2023-03-22 15:07:11,4773.6245
2023-03-22 15:07:24,4773.6385
2023-03-22 15:07:25,4773.6525
2023-03-22 15:07:28,4773.6656
2023-03-22 15:07:36,4773.6789
2023-03-22 15:07:37,4773.7153
2023-03-22 15:07:38,4773.7256
2023-03-22 15:07:39,4773.731
2023-03-22 15:07:47,4773.7358
2023-03-22 15:07:52,4773.7415
2023-03-22 15:09:17,4773.746
2023-03-22 15:09:20,4773.7508
2023-03-22 15:09:26,4773.7541
2023-03-22 15:10:02,4773.764
2023-03-22 15:10:08,4773.7678
2023-03-22 15:10:09,4773.7711
2023-03-22 15:10:17,4773.7931
2023-03-22 15:10:18,4773.7982
2023-03-22 15:10:21,4773.8084
2023-03-22 15:10:23,4773.8323
2023-03-22 15:10:25,4773.8573
2023-03-22 15:11:05,4773.8755
2023-03-22 15:11:07,4773.882
2023-03-22 15:11:09,4773.9009
2023-03-22 15:11:12,4773.9076
2023-03-22 15:11:14,4773.9333
2023-03-22 15:11:15,4773.94
2023-03-22 15:11:27,4773.9506
2023-03-22 15:11:28,4773.9558
2023-03-22 15:11:30,4773.9768
2023-03-22 15:12:22,4773.9843
2023-03-22 15:12:23,4773.9887
2023-03-22 15:12:27,4774.0049
2023-03-22 15:12:31,4774.0086
2023-03-22 15:12:33,4774.013
2023-03-22 15:12:36,4774.0364
2023-03-22 15:12:40,4774.0448
2023-03-22 15:12:43,4774.0606
2023-03-22 15:13:00,4774.0693
2023-03-22 15:13:13,4774.0766
2023-03-22 15:13:14,4774.0945
2023-03-22 15:14:45,4774.0966
2023-03-22 15:14:50,4774.0987
2023-03-22 15:14:53,4774.1009
2023-03-22 15:14:54,4774.103
2023-03-22 15:14:55,4774.1072
2023-03-22 15:15:09,4774.1085
2023-03-22 15:15:11,4774.1099
2023-03-22 15:15:12,4774.1126
2023-03-22 15:15:31,4774.1181
2023-03-22 15:15:38,4774.1187
2023-03-22 15:15:52,4774.1194
2023-03-22 15:15:55,4774.1194
2023-03-22 15:16:00,4774.1207
2023-03-22 15:16:34,4774.1207
2023-03-22 15:17:20,4774.1205
2023-03-22 15:17:22,4774.1199
2023-03-22 15:17:24,4774.1198
2023-03-22 15:17:25,4774.1197
2023-03-22 15:17:40,4774.1195
2023-03-22 15:17:48,4774.1214
2023-03-22 15:18:18,4774.1207
2023-03-22 15:18:26,4774.1144
2023-03-22 15:18:29,4774.1135
2023-03-22 15:18:30,4774.1125
2023-03-22 15:18:31,4774.1095
2023-03-22 15:18:32,4774.1076
2023-03-22 15:18:34,4774.1055
2023-03-22 15:19:37,4774.1047
2023-03-22 15:20:05,4774.1023
2023-03-22 15:20:18,4774.1022
2023-03-22 15:23:36,4774.1004
2023-03-22 15:23:37,4774.0989
2023-03-22 15:23:42,4774.0948
2023-03-22 15:23:43,4774.0935
2023-03-22 15:23:46,4774.0922
2023-03-22 15:23:54,4774.026
2023-03-22 15:23:55,4774.0239
2023-03-22 15:23:56,4774.0215
2023-03-22 15:23:59,4774.0035
2023-03-22 15:24:20,4773.9972
2023-03-22 15:24:49,4773.9945
2023-03-22 15:24:50,4773.9931
2023-03-22 15:24:51,4773.9899
2023-03-22 15:26:19,4773.9878
2023-03-22 15:26:22,4773.9858
2023-03-22 15:26:24,4773.9843
2023-03-22 15:26:36,4773.9828
2023-03-22 15:26:37,4773.9818
2023-03-22 15:28:52,4773.9792
2023-03-22 15:28:56,4773.9761
2023-03-22 15:29:50,4773.9734
2023-03-22 15:29:53,4773.9721
2023-03-22 15:30:21,4773.9671
2023-03-22 15:30:36,4773.9658
2023-03-22 15:30:41,4773.9638
2023-03-22 15:30:43,4773.9618
2023-03-22 15:30:45,4773.9595
2023-03-22 15:30:46,4773.9547
2023-03-22 15:30:47,4773.9521
2023-03-22 15:30:48,4773.9466
2023-03-22 15:30:55,4773.9309
2023-03-22 15:31:04,4773.929
2023-03-22 15:31:08,4773.9267
2023-03-22 15:31:09,4773.9248
2023-03-22 15:31:16,4773.9222
2023-03-22 15:31:17,4773.9196
2023-03-22 15:31:26,4773.9177
2023-03-22 15:31:30,4773.9164
2023-03-22 15:31:31,4773.9113
2023-03-22 15:31:34,4773.9104
2023-03-22 15:32:07,4773.9084
2023-03-22 15:32:10,4773.9033
2023-03-22 15:32:11,4773.9021
2023-03-22 15:32:14,4773.9009
2023-03-22 15:32:30,4773.8958
2023-03-22 15:32:34,4773.8946
2023-03-22 15:33:03,4773.8906
2023-03-22 15:33:44,4773.8904
2023-03-22 15:33:45,4773.8901
2023-03-22 15:33:52,4773.8904
2023-03-22 15:34:06,4773.8907
2023-03-22 15:34:12,4773.891
2023-03-22 15:34:15,4773.891
2023-03-22 15:34:24,4773.8911
2023-03-22 15:34:48,4773.8912
2023-03-22 15:34:50,4773.8918
2023-03-22 15:34:52,4773.8924
2023-03-22 15:36:37,4773.8924
2023-03-22 15:36:40,4773.8931
2023-03-22 15:39:04,4773.8935
2023-03-22 15:39:18,4773.8956
2023-03-22 15:39:19,4773.8982
2023-03-22 15:39:33,4773.8982
2023-03-22 15:39:36,4773.8983
2023-03-22 15:39:39,4773.8984
2023-03-22 15:39:40,4773.8984
2023-03-22 15:39:47,4773.8985
2023-03-22 15:39:48,4773.8986
2023-03-22 15:39:52,4773.8986
2023-03-22 15:39:53,4773.8987
2023-03-22 15:39:54,4773.8988
2023-03-22 15:39:55,4773.8992
2023-03-22 15:39:57,4773.8998
2023-03-22 15:39:58,4773.9007
2023-03-22 15:40:23,4773.9007
2023-03-22 15:40:25,4773.9008
2023-03-22 15:40:28,4773.9009
2023-03-22 15:42:42,4773.9003
2023-03-22 15:42:52,4773.9004
2023-03-22 15:42:57,4773.9009
2023-03-22 15:42:58,4773.9014
2023-03-22 15:43:02,4773.9028
2023-03-22 15:43:08,4773.9044
2023-03-22 15:43:31,4773.9051
2023-03-22 15:44:05,4773.9195
2023-03-22 15:44:07,4773.9301
2023-03-22 15:44:08,4773.9358
2023-03-22 15:44:13,4773.9374
2023-03-22 15:44:14,4773.9433
2023-03-22 15:45:46,4773.9455
2023-03-22 15:45:54,4773.9477
2023-03-22 15:45:59,4773.95
2023-03-22 15:46:06,4773.9524
2023-03-22 15:46:07,4773.9549
2023-03-22 15:46:32,4773.9585
2023-03-22 15:47:28,4773.9598
2023-03-22 15:47:57,4773.9604
2023-03-22 15:48:03,4774.0209
2023-03-22 15:48:13,4774.0239
2023-03-22 15:48:31,4774.0257
2023-03-22 15:49:14,4774.0265
2023-03-22 15:49:16,4774.0274
2023-03-22 15:50:06,4774.0286
2023-03-22 15:50:20,4774.031
2023-03-22 15:50:40,4774.0332
2023-03-22 15:50:49,4774.0356
2023-03-22 15:51:03,4774.0383
2023-03-22 15:52:48,4774.047
2023-03-22 15:52:49,4774.0492
2023-03-22 15:52:51,4774.0518
2023-03-22 15:52:52,4774.0605
2023-03-22 15:52:53,4774.0634
2023-03-22 15:52:58,4774.0658
2023-03-22 15:53:26,4774.0716
2023-03-22 15:53:27,4774.0775
2023-03-22 15:53:30,4774.1122
2023-03-22 15:53:33,4774.118
2023-03-22 15:53:34,4774.1237
2023-03-22 15:53:36,4774.1409
2023-03-22 15:53:37,4774.1465
2023-03-22 15:53:47,4774.1488
2023-03-22 15:54:00,4774.1502
2023-03-22 15:54:15,4774.1973
2023-03-22 15:54:16,4774.2037
2023-03-22 15:54:21,4774.2169
2023-03-22 15:54:22,4774.2235
2023-03-22 15:54:24,4774.2271
2023-03-22 15:54:25,4774.2346
2023-03-22 15:54:26,4774.2384
2023-03-22 15:55:14,4774.2411
2023-03-22 15:55:15,4774.2438
2023-03-22 15:55:35,4774.2471
2023-03-22 15:55:40,4774.2504
2023-03-22 15:55:49,4774.2532
2023-03-22 15:56:00,4774.2557
2023-03-22 15:56:15,4774.258
2023-03-22 15:56:17,4774.2602
2023-03-22 15:56:18,4774.2623
2023-03-22 15:56:19,4774.2665
2023-03-22 15:59:08,4774.2701
2023-03-22 15:59:19,4774.272
2023-03-22 15:59:22,4774.2784
2023-03-22 15:59:23,4774.2796
2023-03-22 15:59:26,4774.2808
2023-03-22 16:00:15,4774.2839
2023-03-22 16:00:27,4774.287
2023-03-22 16:00:38,4774.2882
2023-03-22 16:00:43,4774.2894
2023-03-22 16:00:49,4774.2906
2023-03-22 16:00:51,4774.293
2023-03-22 16:00:52,4774.2945
2023-03-22 16:00:54,4774.297
2023-03-22 16:01:20,4774.2991
2023-03-22 16:01:21,4774.3015
2023-03-22 16:01:22,4774.3042
2023-03-22 16:01:37,4774.3097
2023-03-22 16:01:40,4774.322
2023-03-22 16:01:43,4774.3377
2023-03-22 16:01:48,4774.344
2023-03-22 16:02:25,4774.3471
2023-03-22 16:03:05,4774.3502
2023-03-22 16:03:06,4774.3534
2023-03-22 16:03:07,4774.3565
2023-03-22 16:03:10,4774.3597
2023-03-22 16:03:11,4774.4064
2023-03-22 16:03:12,4774.4137
2023-03-22 16:03:21,4774.4163
2023-03-22 16:03:22,4774.4193
2023-03-22 16:03:25,4774.4223
2023-03-22 16:03:30,4774.4254
2023-03-22 16:03:50,4774.4284
2023-03-22 16:03:59,4774.4315
2023-03-22 16:04:06,4774.4346
2023-03-22 16:06:23,4774.4371
2023-03-22 16:06:29,4774.4423
2023-03-22 16:06:30,4774.4451
2023-03-22 16:06:31,4774.457
2023-03-22 16:07:09,4774.4602
2023-03-22 16:07:10,4774.4635
2023-03-22 16:07:12,4774.4671
2023-03-22 16:07:13,4774.4862
2023-03-22 16:08:03,4774.4977
2023-03-22 16:08:43,4774.5063
2023-03-22 16:11:26,4774.5183
2023-03-22 16:11:31,4774.5303
2023-03-22 16:12:02,4774.5328
2023-03-22 16:12:06,4774.5402
2023-03-22 16:12:07,4774.5427
2023-03-22 16:12:13,4774.5475
2023-03-22 16:12:18,4774.5534
2023-03-22 16:12:20,4774.5563
2023-03-22 16:12:28,4774.5594
2023-03-22 16:12:31,4774.5628
2023-03-22 16:14:16,4774.6413
2023-03-22 16:14:18,4774.6462
2023-03-22 16:14:19,4774.6508
2023-03-22 16:14:20,4774.6557
2023-03-22 16:15:07,4774.6586
2023-03-22 16:15:08,4774.6615
2023-03-22 16:15:10,4774.6644
2023-03-22 16:15:46,4774.6791
2023-03-22 16:15:49,4774.7922
2023-03-22 16:15:51,4774.7979
2023-03-22 16:15:59,4774.8036
2023-03-22 16:16:00,4774.8146
2023-03-22 16:16:01,4774.8257
2023-03-22 16:16:04,4774.831
2023-03-22 16:16:05,4774.8366
2023-03-22 16:16:06,4774.8419
2023-03-22 16:16:15,4774.8472
2023-03-22 16:16:19,4774.8585
2023-03-22 16:16:23,4774.8755
2023-03-22 16:16:24,4774.8871
2023-03-22 16:16:26,4774.893
2023-03-22 16:16:27,4774.9049
2023-03-22 16:16:28,4774.923
2023-03-22 16:16:47,4775.0087
2023-03-22 16:17:28,4775.0138
2023-03-22 16:17:40,4775.0307
2023-03-22 16:17:51,4775.0358
2023-03-22 16:18:03,4775.0613
2023-03-22 16:18:45,4775.0664
2023-03-22 16:18:58,4775.0867
2023-03-22 16:19:01,4775.1018
2023-03-22 16:19:10,4775.1073
2023-03-22 16:19:11,4775.1128
2023-03-22 16:19:38,4775.1179
2023-03-22 16:19:39,4775.1229
2023-03-22 16:20:08,4775.1264
2023-03-22 16:20:09,4775.1294
2023-03-22 16:20:33,4775.1366
2023-03-22 16:23:24,4775.1556
2023-03-22 16:23:42,4775.1618
2023-03-22 16:24:47,4775.1661
2023-03-22 16:24:51,4775.1703
2023-03-22 16:25:37,4775.1772
2023-03-22 16:28:09,4775.1806
2023-03-22 16:28:10,4775.1838
2023-03-22 16:28:40,4775.1869
2023-03-22 16:29:12,4775.1908
2023-03-22 16:29:55,4775.1947
2023-03-22 16:30:00,4775.1986
2023-03-22 16:30:12,4775.2025
2023-03-22 16:31:55,4775.2171
2023-03-22 16:32:00,4775.2317
2023-03-22 16:32:50,4775.2385
2023-03-22 16:32:54,4775.2419
2023-03-22 16:33:04,4775.2503
2023-03-22 16:33:21,4775.2536
2023-03-22 16:33:22,4775.2599
2023-03-22 16:33:23,4775.263
2023-03-22 16:33:25,4775.2663
2023-03-22 16:33:27,4775.2704
2023-03-22 16:33:53,4775.3119
2023-03-22 16:33:54,4775.3529
2023-03-22 16:33:55,4775.4068
2023-03-22 16:34:03,4775.4103
2023-03-22 16:34:19,4775.4135
2023-03-22 16:34:29,4775.4167
2023-03-22 16:35:19,4775.4198
2023-03-22 16:35:20,4775.4227
2023-03-22 16:35:59,4775.4256
2023-03-22 16:36:02,4775.4283
2023-03-22 16:36:03,4775.4364
2023-03-22 16:36:04,4775.444
2023-03-22 16:36:11,4775.4493
2023-03-22 16:36:41,4775.4518
2023-03-22 16:36:45,4775.4628
2023-03-22 16:36:48,4775.4653
2023-03-22 16:37:09,4775.4683
2023-03-22 16:39:33,4775.4725
2023-03-22 16:39:55,4775.4779
2023-03-22 16:39:56,4775.4811
2023-03-22 16:40:46,4775.493
2023-03-22 16:40:47,4775.4957
2023-03-22 16:40:49,4775.4981
2023-03-22 16:40:52,4775.5003
2023-03-22 16:40:53,4775.51
2023-03-22 16:42:13,4775.5122
2023-03-22 16:42:24,4775.5161
2023-03-22 16:42:25,4775.5253
2023-03-22 16:42:31,4775.5345
2023-03-22 16:42:35,4775.5371
2023-03-22 16:42:57,4775.5397
2023-03-22 16:44:21,4775.5415
2023-03-22 16:44:24,4775.545
2023-03-22 16:44:39,4775.5467
2023-03-22 16:44:40,4775.5501
2023-03-22 16:44:41,4775.5615
2023-03-22 16:44:45,4775.5628
2023-03-22 16:44:47,4775.5661
2023-03-22 16:45:03,4775.5677
2023-03-22 16:45:04,4775.5693
2023-03-22 16:45:40,4775.5712
2023-03-22 16:45:43,4775.573
2023-03-22 16:45:50,4775.5748
2023-03-22 16:45:51,4775.5766
2023-03-22 16:46:23,4775.5799
2023-03-22 16:47:07,4775.5823
2023-03-22 16:47:19,4775.5839
2023-03-22 16:47:45,4775.5856
2023-03-22 16:47:54,4775.5928
2023-03-22 16:48:16,4775.596
2023-03-22 16:48:39,4775.5976
2023-03-22 16:48:43,4775.6009
2023-03-22 16:48:44,4775.6026
2023-03-22 16:48:49,4775.6061
2023-03-22 16:48:50,4775.6123
2023-03-22 16:48:53,4775.6139
2023-03-22 16:48:56,4775.6159
2023-03-22 16:49:00,4775.6182
2023-03-22 16:49:01,4775.6206
2023-03-22 16:49:07,4775.6226
2023-03-22 16:49:36,4775.6247
2023-03-22 16:49:37,4775.6267
2023-03-22 16:49:39,4775.6288
2023-03-22 16:49:41,4775.6308
2023-03-22 16:51:31,4775.6329
2023-03-22 16:53:57,4775.635
2023-03-22 16:54:01,4775.6373
2023-03-22 16:54:02,4775.6421
2023-03-22 16:54:13,4775.645
2023-03-22 16:54:19,4775.6479
2023-03-22 16:54:21,4775.6512
2023-03-22 16:57:04,4775.6553
2023-03-22 16:57:05,4775.6593
2023-03-22 16:57:06,4775.6613
2023-03-22 16:57:08,4775.6632
2023-03-22 16:57:43,4775.6686
2023-03-22 16:58:50,4775.6711
2023-03-22 16:59:12,4775.6731
2023-03-22 16:59:13,4775.6771
2023-03-22 17:02:49,4775.679
2023-03-22 17:03:20,4775.7003
2023-03-22 17:03:23,4775.7073
2023-03-22 17:03:31,4775.7088
2023-03-22 17:03:33,4775.7103
2023-03-22 17:03:39,4775.7133
2023-03-22 17:03:40,4775.7203
2023-03-22 17:03:41,4775.7217
2023-03-22 17:04:16,4775.7239
2023-03-22 17:04:34,4775.7262
2023-03-22 17:04:38,4775.7273
2023-03-22 17:04:51,4775.7284
2023-03-22 17:04:59,4775.7307
2023-03-22 17:06:06,4775.7543
2023-03-22 17:06:50,4775.7589
2023-03-22 17:07:02,4775.7691
2023-03-22 17:07:03,4775.7734
2023-03-22 17:07:05,4775.7757
2023-03-22 17:07:46,4775.7772
2023-03-22 17:07:52,4775.7787
2023-03-22 17:07:54,4775.7816
2023-03-22 17:07:55,4775.7835
2023-03-22 17:09:55,4775.785
2023-03-22 17:11:28,4775.7864
2023-03-22 17:12:05,4775.7883
2023-03-22 17:12:06,4775.7926
2023-03-22 17:12:07,4775.7987
2023-03-22 17:12:08,4775.8032
2023-03-22 17:12:10,4775.8052
2023-03-22 17:12:12,4775.8073
2023-03-22 17:12:15,4775.8096
2023-03-22 17:12:48,4775.8117
2023-03-22 17:12:49,4775.8137
2023-03-22 17:12:50,4775.8179
2023-03-22 17:13:17,4775.8279
2023-03-22 17:14:22,4775.8302
2023-03-22 17:14:24,4775.8324
2023-03-22 17:15:04,4775.8345
2023-03-22 17:15:05,4775.839
2023-03-22 17:15:25,4775.8458
2023-03-22 17:15:33,4775.8477
2023-03-22 17:15:36,4775.8495
2023-03-22 17:16:53,4775.8513
2023-03-22 17:16:54,4775.8532
2023-03-22 17:16:55,4775.8546
2023-03-22 17:16:57,4775.8561
2023-03-22 17:17:12,4775.858
2023-03-22 17:17:15,4775.8598
2023-03-22 17:17:29,4775.8634
2023-03-22 17:17:34,4775.8652
2023-03-22 17:17:35,4775.8671
2023-03-22 17:17:54,4775.869
2023-03-22 17:17:58,4775.8708
2023-03-22 17:18:01,4775.8744
2023-03-22 17:18:08,4775.8762
2023-03-22 17:18:11,4775.8781
2023-03-22 17:19:01,4775.8811
2023-03-22 17:19:02,4775.8824
2023-03-22 17:19:03,4775.8835
2023-03-22 17:19:09,4775.8845
2023-03-22 17:19:32,4775.89
2023-03-22 17:19:34,4775.891
2023-03-22 17:19:36,4775.892
2023-03-22 17:19:40,4775.8934
2023-03-22 17:19:45,4775.8947
2023-03-22 17:19:46,4775.8958
2023-03-22 17:19:47,4775.8983
2023-03-22 17:19:48,4775.9004
2023-03-22 17:19:49,4775.9035
2023-03-22 17:19:52,4775.9048
2023-03-22 17:20:06,4775.9069
2023-03-22 17:20:07,4775.9079
2023-03-22 17:20:08,4775.9099
2023-03-22 17:20:09,4775.912
2023-03-22 17:20:10,4775.913
2023-03-22 17:20:11,4775.914
2023-03-22 17:20:16,4775.9151
2023-03-22 17:20:35,4775.9177
2023-03-22 17:20:39,4775.9257
2023-03-22 17:20:42,4775.927
2023-03-22 17:21:33,4775.9282
2023-03-22 17:21:36,4775.9306
2023-03-22 17:21:37,4775.9316
2023-03-22 17:21:38,4775.9326
2023-03-22 17:21:40,4775.9346
2023-03-22 17:21:41,4775.9386
2023-03-22 17:21:42,4775.9406
2023-03-22 17:21:43,4775.9416
2023-03-22 17:21:48,4775.9437
2023-03-22 17:22:20,4775.9457
2023-03-22 17:22:27,4775.9476
2023-03-22 17:22:29,4775.9505
2023-03-22 17:23:17,4775.9647
2023-03-22 17:23:19,4775.9675
2023-03-22 17:23:46,4775.9686
2023-03-22 17:23:48,4775.9766
2023-03-22 17:23:49,4775.9782
2023-03-22 17:23:50,4775.9832
2023-03-22 17:23:51,4775.9849
2023-03-22 17:24:52,4775.9858
2023-03-22 17:24:54,4775.9868
2023-03-22 17:25:31,4775.9877
2023-03-22 17:25:43,4775.9906
2023-03-22 17:25:52,4775.9922
2023-03-22 17:25:53,4775.9955
2023-03-22 17:25:54,4776.0185
2023-03-22 17:26:00,4776.0201
2023-03-22 17:26:08,4776.0215
2023-03-22 17:26:43,4776.0229
2023-03-22 17:26:49,4776.0244
2023-03-22 17:27:03,4776.0259
2023-03-22 17:27:06,4776.0356
2023-03-22 17:27:10,4776.0419
2023-03-22 17:27:11,4776.0451
2023-03-22 17:27:12,4776.0484
2023-03-22 17:27:15,4776.0562
2023-03-22 17:27:18,4776.0626
2023-03-22 17:27:20,4776.0656
2023-03-22 17:27:21,4776.0688
2023-03-22 17:27:27,4776.0704
2023-03-22 17:27:28,4776.0736
2023-03-22 17:27:29,4776.1024
2023-03-22 17:27:30,4776.104
2023-03-22 17:28:04,4776.1056
2023-03-22 17:29:18,4776.1103
2023-03-22 17:29:37,4776.1209
2023-03-22 17:29:39,4776.1216
2023-03-22 17:29:40,4776.1239
2023-03-22 17:29:41,4776.1257
2023-03-22 17:29:42,4776.126
2023-03-22 17:30:13,4776.1261
2023-03-22 17:30:15,4776.1294
2023-03-22 17:31:59,4776.1301
2023-03-22 17:32:05,4776.1316
2023-03-22 17:32:28,4776.1324
2023-03-22 17:32:29,4776.1331
2023-03-22 17:32:30,4776.1354
2023-03-22 17:32:31,4776.1357
2023-03-22 17:33:50,4776.1363
2023-03-22 17:33:55,4776.1364
2023-03-22 17:33:58,4776.1366
2023-03-22 17:34:00,4776.1359
2023-03-22 17:34:01,4776.1359
2023-03-22 17:34:02,4776.1358
2023-03-22 17:34:04,4776.1358
2023-03-22 17:34:05,4776.1357
2023-03-22 17:34:06,4776.1355
2023-03-22 17:34:07,4776.1353
2023-03-22 17:34:33,4776.135
2023-03-22 17:34:37,4776.1349
2023-03-22 17:34:44,4776.1348
2023-03-22 17:34:45,4776.1353
2023-03-22 17:34:49,4776.1356
2023-03-22 17:35:32,4776.1355
2023-03-22 17:36:15,4776.1354
2023-03-22 17:36:16,4776.1353
2023-03-22 17:36:20,4776.1353
2023-03-22 17:36:28,4776.1352
2023-03-22 17:36:32,4776.1352
2023-03-22 17:36:33,4776.1347
2023-03-22 17:36:37,4776.1345
2023-03-22 17:36:44,4776.1341
2023-03-22 17:37:01,4776.1339
2023-03-22 17:37:04,4776.1337
2023-03-22 17:37:05,4776.1333
2023-03-22 17:37:06,4776.1328
2023-03-22 17:37:07,4776.1318
2023-03-22 17:37:17,4776.1312
2023-03-22 17:37:44,4776.131
2023-03-22 17:37:48,4776.1307
2023-03-22 17:37:53,4776.1305
2023-03-22 17:37:54,4776.1301
2023-03-22 17:37:57,4776.1299
2023-03-22 17:38:08,4776.1292
2023-03-22 17:38:09,4776.1286
2023-03-22 17:38:26,4776.1283
2023-03-22 17:39:10,4776.1231
2023-03-22 17:39:18,4776.1225
2023-03-22 17:39:19,4776.1218
2023-03-22 17:39:21,4776.1212
2023-03-22 17:40:02,4776.1202
2023-03-22 17:40:21,4776.12
2023-03-22 17:40:55,4776.1191
2023-03-22 17:40:56,4776.1186
2023-03-22 17:40:58,4776.1184
2023-03-22 17:40:59,4776.1182
2023-03-22 17:41:37,4776.1178
2023-03-22 17:41:41,4776.1174
2023-03-22 17:41:42,4776.116
2023-03-22 17:41:43,4776.1159
2023-03-22 17:41:44,4776.1168
2023-03-22 17:41:45,4776.119
2023-03-22 17:41:48,4776.1201
2023-03-22 17:42:07,4776.1212
2023-03-22 17:42:25,4776.1244
2023-03-22 17:45:19,4776.1259
2023-03-22 17:46:51,4776.126
2023-03-22 17:46:54,4776.1261
2023-03-22 17:48:02,4776.1346
2023-03-22 17:48:03,4776.1431
2023-03-22 17:48:05,4776.1445
2023-03-22 17:49:01,4776.146
2023-03-22 17:50:24,4776.1467
2023-03-22 17:51:09,4776.1472
2023-03-22 17:51:12,4776.1506
2023-03-22 17:51:13,4776.151
2023-03-22 17:51:15,4776.1648
2023-03-22 17:51:32,4776.1663
2023-03-22 17:51:35,4776.1691
2023-03-22 17:51:36,4776.1737
2023-03-22 17:52:57,4776.1751
2023-03-22 17:53:01,4776.178
2023-03-22 17:53:02,4776.1851
2023-03-22 17:53:03,4776.1866
2023-03-22 17:53:04,4776.188
2023-03-22 17:53:57,4776.1918
2023-03-22 17:54:02,4776.1923
2023-03-22 17:54:07,4776.2148
2023-03-22 17:54:08,4776.2157
2023-03-22 17:54:19,4776.2171
2023-03-22 17:54:47,4776.2185
2023-03-22 17:55:04,4776.2199
2023-03-22 17:55:08,4776.2211
2023-03-22 17:55:15,4776.2325
2023-03-22 17:55:16,4776.2549
2023-03-22 17:55:19,4776.2586
2023-03-22 17:55:27,4776.2697
2023-03-22 17:56:09,4776.2761
2023-03-22 17:57:59,4776.2743
2023-03-22 17:58:49,4776.2666
2023-03-22 17:58:55,4776.2625
2023-03-22 17:58:56,4776.2616
2023-03-22 17:58:57,4776.2607
2023-03-22 17:59:02,4776.2572
2023-03-22 17:59:51,4776.2557
2023-03-22 17:59:53,4776.2541
2023-03-22 17:59:55,4776.2532
2023-03-22 17:59:56,4776.2515
2023-03-22 17:59:59,4776.249
2023-03-22 18:00:00,4776.2492
